{"stat.walkOneCm":1218,"achievement.openInventory":2,"stat.leaveGame":2,"stat.useItem.nshm.dwarfstar_axe":6,"stat.mineBlock.minecraft.log":5,"stat.pickup.minecraft.log":5,"stat.flyOneCm":1942,"stat.useItem.nshm.dwarfstar_hoe":1,"stat.jump":6,"stat.playOneMinute":1294,"stat.timeSinceDeath":1294,"achievement.mineWood":5,"stat.useItem.nshm.dwarfstar_shovel":11,"stat.pickup.minecraft.dirt":8,"stat.sprintOneCm":1179,"stat.mineBlock.minecraft.dirt":11,"achievement.exploreAllBiomes":{"value":0,"progress":["Forest","Plains"]},"stat.mineBlock.minecraft.tallgrass":1}